{
  "HALProvider": {
    "Other Devices": {
      "window": {
        "visible": false
      }
    }
  },
  "NTProvider": {
    "types": {
      "/FMSInfo": "FMSInfo"
    }
  },
  "NetworkTables": {
    "CameraPublisher": {
      "USB Camera 0": {
        "open": true
      }
    },
    "SmartDashboard": {
      "open": true
    }
  },
  "Plot": {
    "Plot <0>": {
      "plots": [
        {
          "axis": [
            {
              "max": 70.0,
              "min": -5.0
            }
          ],
          "height": 338,
          "series": [
            {
              "color": [
                0.2980392277240753,
                0.44705885648727417,
                0.6901960968971252,
                1.0
              ],
              "id": "NT:/SmartDashboard/Valor de I"
            },
            {
              "color": [
                0.8666667342185974,
                0.5176470875740051,
                0.32156863808631897,
                1.0
              ],
              "id": "NT:/SmartDashboard/Valor de J"
            }
          ]
        }
      ],
      "window": {
        "visible": false
      }
    },
    "Plot <1>": {
      "plots": [
        {
          "axis": [
            {
              "max": 2.0,
              "min": -2.0
            }
          ],
          "height": 338,
          "series": [
            {
              "color": [
                0.2980392277240753,
                0.44705885648727417,
                0.6901960968971252,
                1.0
              ],
              "id": "NT:/SmartDashboard/Motor Angulacao"
            },
            {
              "color": [
                0.8666667342185974,
                0.5176470875740051,
                0.32156863808631897,
                1.0
              ],
              "id": "NT:/SmartDashboard/Motor Escalada"
            }
          ]
        }
      ],
      "window": {
        "visible": false
      }
    }
  }
}
